<?xml version="1.0" ?>
<!-- Images to load into the Textures Database in zenilib
     Sprites to build in the Textures Database in zenilib

For each Texture entry in Textures:

  1. 'token' should match the name you want to use in C++
  2. 'is_sprite' should be 0 (or absent [deprecated])
  3. 'filepath' should be the path from within 'zenilib/'
  4. 'tile' should be 0 for best quality if tiling is unnecessary
     'tile' should be 1 to enable tiling (for *ALL* textures for .3ds 'Model's)
       
     If 'tile' is 1 and tiling is not desired, floating point
     error can make things look worse at the edges of tiles.

For each Sprite entry in Textures:

  1. 'sprite_token' should match the name you want to use in C++
  2. 'is_sprite' should be 1
  3. 'token's should be the tokens of existing Textures
     'file's should be standard Texture entries (see above)
       the 'token' for the frame will be 'sprite_token/frame_number'
     
     All 'token's must have been defined earlier in the file.
     'token's defined later in the file will be ignored.

The following formats are supported:

  1. PNG is supported with 8 bits per channel
     (Grayscale/RGBA, with or without Alpha)

The following things are unsupported:

  1. BMP, JPEG, and GIF images
  2. Indexed color
  3. Indexed transparency
  4. Anything other than 8 bits per channel
-->
<Textures>
  <CRATE.PNG>
    <filepath>textures/crate_light.png</filepath>
    <tile>1</tile>
  </CRATE.PNG>
  <EXPLODE.PNG>
    <filepath>textures/explode.png</filepath>
    <tile>1</tile>
  </EXPLODE.PNG>
  <WALL1.PNG>
    <filepath>textures/wall1.png</filepath>
    <tile>1</tile>
  </WALL1.PNG>
  <FLOOR1.PNG>
    <filepath>textures/floor1.png</filepath>
    <tile>1</tile>
  </FLOOR1.PNG>
    <FLOOR2.PNG>
    <filepath>textures/floor2.png</filepath>
    <tile>1</tile>
  </FLOOR2.PNG>
  <ship_back_off>
      <filepath>textures/ship_back.png</filepath>
      <tile>1</tile>
  </ship_back_off>
  <ship_back_on>
      <filepath>textures/ship_back_on.png</filepath>
      <tile>1</tile>
  </ship_back_on>
  <SHIP_BAC.PNG>
    <is_sprite>1</is_sprite>
    <token>ship_back_off</token>
    <token>ship_back_on</token>
  </SHIP_BAC.PNG>
  <SHIP_FRO.PNG>
    <filepath>textures/ship_front.png</filepath>
    <tile>1</tile>
  </SHIP_FRO.PNG>
  <FINISH_L.PNG>
    <filepath>textures/finish_line.png</filepath>
    <tile>1</tile>
  </FINISH_L.PNG>
  
  <logo>
    <filepath>textures/logo.png</filepath>
    <tile>0</tile>
  </logo>
  <instructions>
    <filepath>textures/instructions_v1.png</filepath>
    <tile>0</tile>
  </instructions>
  <instructions2>
    <filepath>textures/editor_instructions.png</filepath>
    <tile>0</tile>
  </instructions2>
  <instructions3>
    <filepath>textures/object_types.png</filepath>
    <tile>0</tile>
  </instructions3>
  <level_select>
    <filepath>textures/level_select.png</filepath>
    <tile>0</tile>
  </level_select>
  <stars>
    <filepath>textures/star_bg.png</filepath>
    <tile>1</tile>
  </stars>
  <crosshair>
    <filepath>textures/crosshair.png</filepath>
    <tile>0</tile>
  </crosshair>
  <finish_line>
    <filepath>textures/finish_line.png</filepath>
    <tile>true</tile>
  </finish_line>
  <health>
    <filepath>textures/health.png</filepath>
    <tile>0</tile>
  </health>
  <finish_msg>
    <filepath>textures/finish_msg.png</filepath>
    <tile>0</tile>
  </finish_msg>
  <!--
  <one>
    <is_sprite>0</is_sprite>
    <filepath>textures/one.png</filepath>
    <tile>0</tile>
  </one>
  <three>
    <is_sprite>0</is_sprite>
    <filepath>textures/three.png</filepath>
    <tile>0</tile>
  </three>
  <sprite_token>
    <is_sprite>1</is_sprite>
    <token>one</token>
    <file>
      <filepath>textures/two.png</filepath>
      <tile>0</tile>
    </file>
    <token>three</token>
    <file>
      <filepath>textures/four.png</filepath>
      <tile>0</tile>
    </file>
  </sprite_token>
  -->
</Textures>
